strong_lin_1,strong_lin_2,strong_lin_3,non_lin_1,non_lin_2,weak_lin_1,weak_lin_2,noise_1,noise_2,noise_3,noise_4,noise_5,noise_6,noise_7,noise_8,noise_9,noise_10,cat_1,cat_2,inter_1
0.23232184145926957,0.3049431658917552,0.27831610172419285,0.33453223449666125,-0.22015055011026352,1.2085908418808478,0.8377984699382897,1.5441900158362447,1.2805928818257633,0.9216261652778182,-0.15832193025657004,0.4803398647467623,0.45862977100747154,1.2453267477985774,-0.2902151585679573,-0.6108667623049302,-0.21502089974369495,A,B,-0.07364745545405565
0.6322721336424866,0.20013004263903592,0.3278418095692881,-0.993685606863344,1.198946145848835,-1.1728506643255858,-0.11639408648916234,0.024008225319203432,0.4337884052775115,-0.30388029598585364,-2.100489060966528,1.6594962569123197,-0.5617967903560551,-0.16304253249970735,-2.2763254202988743,-0.37319527042530976,2.1250564059493673,B,B,-1.1913755285342669